<?xml version="1.0" encoding="UTF-8"?>
<beans xmlns="http://www.springframework.org/schema/beans"
	xmlns:xsi="http://www.w3.org/2001/XMLSchema-instance"
	xmlns:context="http://www.springframework.org/schema/context"
	xsi:schemaLocation="http://www.springframework.org/schema/beans http://www.springframework.org/schema/beans/spring-beans.xsd
		http://www.springframework.org/schema/context http://www.springframework.org/schema/context/spring-context-4.3.xsd">

<bean id="collDemo" class="org.cap.demo.CollectionDemo">

<property name="names">
<list>
<value>Khishore</value>
<value>Vignesh</value>
<value>Khishore</value>
</list>
</property>

<property name="fruits">
<list>
<value>Mango</value>
<value>Apple</value>
<value>Mango</value>
</list>
</property>

<property name="addresses">
<list>
<ref bean="address1"/>
<ref bean="address2"/>
<ref bean="address3"/>
</list>
</property>

<property name="addresses2">
<list>
<ref bean="address1"/>
<ref bean="address1"/>
<ref bean="address1"/>
</list>
</property>

<property name="map">
<map>
	<entry key="1001" value="Tom"/>
	<entry key="1002" value="jerry"/>
	<entry key="1001" value="Tom"/>
	<entry key="1003" value="Tomo"/>
</map>
</property>

<property name="myprop">
<props>
<prop key="101">Khishore</prop>
<prop key="102">Jake</prop>
<prop key="101">Khishore</prop>
</props>
</property>

</bean>

<bean id="address1" class="org.cap.demo.Address">
<property name="doorNo" value="12/A"></property>
<property name="stName" value="Bharathiyar street"></property>
<property name="city" value="chennai"></property>
</bean>

<bean id="address2" class="org.cap.demo.Address">
<property name="doorNo" value="13/A"></property>
<property name="stName" value="Bharathi street"></property>
<property name="city" value="Bangalore"></property>
</bean>

<bean id="address3" class="org.cap.demo.Address">
<property name="doorNo" value="14/A"></property>
<property name="stName" value="Bharath street"></property>
<property name="city" value="Pune"></property>
</bean>

</beans>
